{
  "arrays.eig": 3.206800000043586,
  "bell.eig": 1.0271999999531545,
  "factorial.eig": 2.1092999959364533,
  "fibonacci.eig": 131.71729999157833,
  "ghz.eig": 0.6799000038881786,
  "grover.eig": 1.0088999915751629,
  "maps.eig": 0.5164999965927564,
  "teleportation.eig": 0.5918000024394132
}