{
  "arrays.eig": 573.9346999998816,
  "bell.eig": 0.7910000003903406,
  "factorial.eig": 1.6983999994408805,
  "fibonacci.eig": 234.2023999990488,
  "ghz.eig": 1.014599998597987,
  "grover.eig": 1.4848000009806128,
  "maps.eig": 0.8333999994647456,
  "teleportation.eig": 0.9867999997368315
}