{
  "arrays.eig": 3.677200002130121,
  "bell.eig": 0.7643999997526407,
  "factorial.eig": 0.8551999999326654,
  "fibonacci.eig": 4.82190000184346,
  "ghz.eig": 0.8289999968837947,
  "grover.eig": 1.2047999989590608,
  "maps.eig": 1.025500001560431,
  "teleportation.eig": 1.0413999989395961
}